eventorder,topic
0,travel
1,photography
2,travel
3,photography
4,social
5,travel
6,photography
7,fashion
8,photography
9,photography
10,photography
11,social
12,wine
13,social
14,photography
15,photography
16,photography
17,social
18,photography
19,wine
20,social
21,social
22,photography
23,fashion
24,social
25,social
26,photography
27,social
28,social
29,photography
30,social
31,social
32,social
33,wine
34,social
35,social
36,social
37,social
38,social
39,social
40,social
41,photography
42,wine
43,fashion
44,social
45,social
46,photography
47,social
48,social
49,photography
50,social
51,social
52,social
53,social
54,wine
55,social
56,social
57,travel
58,social
59,travel
60,fashion
61,sports
62,photography
63,photography
64,social
65,photography
66,photography
67,fashion
68,social
69,wine
70,social
71,social
72,photography
73,photography
74,photography
75,photography
76,photography
77,fashion
78,social
79,travel
80,social
81,wine
82,wine
